CERTIFICATE IN MENTAL HEALTH NURSING ,Certificate,P63,20/11/2012,06/05/2015
CERTIFICATE IN MENTAL HEALTH NURSING ,Certificate,P62,21/11/2011,07/05/2014
CERTIFICATE IN MENTAL HEALTH NURSING ,Certificate,P61,22/11/2010,08/05/2013
CERTIFICATE IN MENTAL HEALTH NURSING ,Certificate,P60,23/11/2009,09/05/2012
CERTIFICATE IN MENTAL HEALTH NURSING ,Certificate,P59,24/11/2008,09/05/2012
DIPLOMA IN MENTAL HEALTH NURSING ,Diploma,DD6,20/11/2012,12/11/2015
DIPLOMA IN MENTAL HEALTH NURSING ,Diploma,DD5,21/11/2011,19/11/2014
DIPLOMA IN MENTAL HEALTH NURSING ,Diploma,DD4,22/11/2010,20/11/2013
DIPLOMA IN MENTAL HEALTH NURSING ,Diploma,DD3,23/11/2009,21/11/2012
DIPLOMA IN MENTAL HEALTH NURSING ,Diploma,DD1,26/11/2007,24/11/2010
DIPLOMA IN MENTAL HEALTH NURSING ,Diploma,DD2,26/11/2007,19/11/2008
DIPLOMA IN MENTAL HEALTH NURSING (EXTENSION),Diploma,ED1,23/06/2008,04/11/2009
DIPLOMA IN MENTAL HEALTH NURSING (EXTENSION),Diploma,ED2,25/06/2009,10/11/2010
DIPLOMA IN MENTAL HEALTH NURSING (EXTENSION),Diploma,ED3,21/06/2010,09/11/2011
DIPLOMA IN MENTAL HEALTH NURSING (EXTENSION),Diploma,ED4,20/06/2011,07/11/2012
DIPLOMA IN MENTAL HEALTH NURSING (EXTENSION),Diploma,ED5,09/06/2012,05/11/2013
